MachineId,Latitude,Longitude,Temperature,EngineOn,Battery,EngineNoise
1,41.32013969,-110.2330159,150,1,25,60
2,39.80080913,-114.9167868,200,0,25,20
3,43.31208099,-112.1124116,70,0,25,20
4,46.8396007,-112.0350435,201,0,25,22
5,45.44315038,-113.8502098,70,0,25,22
6,44.37142938,-118.2042318,60,1,25,70
7,43.8788746,-118.4252458,160,1,25,80
8,40.8729807,-113.4366985,205,1,25,84
9,41.37474002,-108.1671697,74,0,25,21
10,41.3220857,-121.6795994,75,0,25,22
11,45.86029372,-113.8324022,75,0,55,0
12,44.88165819,-114.6898182,140,1,55,0
13,43.12393077,-110.403697,77,0,55,0
14,42.9789767,-118.0575428,77,0,55,0
15,44.63680764,-111.6457083,77,0,55,0
16,41.39339289,-114.1275243,145,1,45,76
17,36.99548858,-115.2957172,145,1,45,78
18,46.29005868,-115.2890468,156,1,45,70
19,42.37072161,-119.3979069,141,1,45,66
20,44.28520129,-118.8824153,170,1,45,90
21,41.83778323,-113.6539388,170.25,1,45.25,93
22,46.70070422,-114.2669088,170.5,2,45.5,96
23,46.17504881,-111.8677503,170.75,3,45.75,99
24,38.32925415,-112.7548882,171,4,46,99.25
25,43.65736204,-111.6930004,171.25,5,46.25,99.5
26,39.79259243,-109.4079536,171.5,6,46.5,99.75
27,44.78325965,-114.1528654,171.75,7,46.75,100
28,40.49774632,-118.2453353,172,8,47,100.25
29,42.99955712,-119.315931,172.25,9,47.25,100.5
30,41.49788688,-120.8261393,172.5,10,47.5,100.75
31,36.93584604,-114.8924691,172.75,11,47.75,101
32,42.10432225,-106.5061203,173,12,48,101.25
33,40.7876183,-115.8763668,173.25,13,48.25,101.5
34,38.36031177,-117.6362631,173.5,14,48.5,101.75
35,41.95410438,-121.3351462,173.75,15,48.75,102
36,43.36531215,-115.6309634,174,16,49,102.25
37,38.91708021,-110.4773663,174.25,17,49.25,102.5
38,39.04877328,-107.8229063,174.5,18,49.5,102.75
39,37.81243768,-116.2538397,174.75,19,49.75,103
40,43.27570888,-114.586519,175,20,50,103.25
41,41.57697815,-109.3237618,175.25,21,50.25,103.5
42,45.25104858,-116.5300793,175.5,22,50.5,103.75
43,40.25199049,-112.42129,175.75,23,50.75,104
44,43.38883402,-112.1524143,176,24,51,104.25
45,45.82217055,-110.778471,176.25,25,51.25,104.5
46,40.28080854,-116.7706621,176.5,26,51.5,104.75
47,43.28787547,-111.6447169,176.75,27,51.75,105
48,39.00498531,-120.4670783,177,28,52,105.25
49,37.36259681,-111.3765731,177.25,29,52.25,105.5
50,36.75820992,-114.7121937,177.5,30,52.5,105.75
51,38.4486772,-111.0644315,177.75,31,52.75,106
52,38.68204917,-114.2822096,178,32,53,106.25
53,45.73114377,-110.686651,178.25,33,53.25,106.5
54,46.30186132,-113.0281491,178.5,34,53.5,106.75
55,42.71992366,-117.6150428,178.75,35,53.75,107
56,38.28715807,-109.7044178,179,36,54,107.25
57,43.22529902,-116.4429926,179.25,37,54.25,107.5
58,38.09084857,-114.3241404,179.5,38,54.5,107.75
59,45.07489472,-111.4699668,179.75,39,54.75,108
60,46.29200444,-108.7905575,180,40,55,108.25
61,43.50963845,-118.8996157,180.25,41,55.25,108.5
62,39.9874983,-118.7868779,180.5,42,55.5,108.75
63,38.66696723,-112.8742468,180.75,43,55.75,109
64,43.31088982,-114.7261498,181,44,56,109.25
65,45.60515576,-115.0851303,181.25,45,56.25,109.5
66,43.20698234,-120.8224185,181.5,46,56.5,109.75
67,47.407569,-115.3824492,181.75,47,56.75,110
68,41.54391531,-119.8503621,182,48,57,110.25
69,44.90278193,-120.3792685,182.25,49,57.25,110.5
70,39.35416953,-107.5014027,182.5,50,57.5,110.75
71,40.80497722,-115.707685,182.75,51,57.75,111
72,39.28350959,-111.8751007,183,52,58,111.25
73,42.66699998,-117.8013805,183.25,53,58.25,111.5
74,44.43350889,-107.553175,183.5,54,58.5,111.75
75,45.88489201,-116.4653874,183.75,55,58.75,112
76,39.11202063,-120.1875365,184,56,59,112.25
77,45.05918331,-108.4809296,184.25,57,59.25,112.5
78,39.88380776,-115.011521,184.5,58,59.5,112.75
79,38.16526455,-114.861312,184.75,59,59.75,113
80,44.29482756,-115.4065438,185,60,60,113.25
81,45.83424327,-120.0145387,185.25,61,60.25,113.5
82,47.15653169,-113.6641349,185.5,62,60.5,113.75
83,43.04726945,-121.6345523,185.75,63,60.75,114
84,40.95555551,-114.4657487,186,64,61,114.25
85,37.50986184,-110.8820946,186.25,65,61.25,114.5
86,42.51258147,-110.5340822,186.5,66,61.5,114.75
87,37.43981265,-115.5340946,186.75,67,61.75,115
88,37.68637697,-111.8457101,187,68,62,115.25
89,39.45220546,-107.9409372,187.25,69,62.25,115.5
90,46.91990998,-115.2022838,187.5,70,62.5,115.75
91,46.94689408,-115.497476,187.75,71,62.75,116
92,40.94418353,-120.6906915,188,72,63,116.25
93,40.75747309,-111.4318985,188.25,73,63.25,116.5
94,40.3455745,-110.3277843,188.5,74,63.5,116.75
95,46.20617989,-118.5072232,188.75,75,63.75,117
96,39.86275681,-120.2923645,189,76,64,117.25
97,42.78041338,-108.7524923,189.25,77,64.25,117.5
98,40.36796285,-118.9385434,204,78,64.5,117.75
99,41.47356873,-116.6553579,205,79,64.75,118
100,42.56063177,-119.266947,205,79,64.75,118
101,39.51223144,-99.93107718,150,1,25,60
102,41.85366203,-103.2966189,70,0,25,20
103,39.8274365,-105.2224813,70,0,25,20
104,43.04787588,-101.9428356,70,0,25,22
105,46.91773063,-100.1699544,70,0,25,22
106,40.06023476,-100.8592295,60,1,25,70
107,43.02249518,-106.784461,150,1,25,80
108,39.35696764,-104.9515784,155,1,25,84
109,44.9768549,-105.6774125,74,0,25,21
110,47.14835523,-102.8356444,75,0,25,22
111,47.43042449,-103.8073872,75,0,55,0
112,39.45561404,-103.7935129,140,1,55,0
113,46.08771487,-105.8481314,77,0,55,0
114,41.06130938,-106.7199684,77,0,55,0
115,48.31015433,-99.0223974,77,0,55,0
116,43.06940985,-95.89775808,145,1,45,76
117,46.53043678,-97.46643892,145,1,45,78
118,43.05549745,-106.7017053,156,1,45,79
119,45.16532891,-108.551289,141,1,45,66
120,40.62631938,-104.4737662,143,1,45,66
121,41.07817348,-98.82577327,143.25,0,45.1,66.1
122,42.23454922,-103.0856144,143.5,1,45.2,66.2
123,40.41608034,-102.9029164,143.75,2,45.3,66.3
124,40.93086972,-102.1733816,144,3,45.4,66.4
125,42.02835887,-106.2340409,144.25,4,45.5,66.5
126,41.94886972,-106.4198439,144.5,5,45.6,66.6
127,44.51825842,-106.6132193,144.75,6,45.7,66.7
128,40.63828996,-103.1029617,145,7,45.8,66.8
129,43.03700792,-106.9179236,145.25,8,45.9,66.9
130,43.30976053,-103.6180583,145.5,9,46,67
131,43.12219601,-107.7886813,145.75,10,46.1,67.1
132,44.10899813,-105.0037672,146,11,46.2,67.2
133,39.58139918,-103.1503253,146.25,12,46.3,67.3
134,40.41456729,-105.7508134,146.5,13,46.4,67.4
135,41.26243764,-100.4017439,146.75,14,46.5,67.5
136,43.96159901,-98.89685515,147,15,46.6,67.6
137,45.67466433,-98.145357,147.25,16,46.7,67.7
138,47.7405196,-100.8615236,147.5,17,46.8,67.8
139,42.41494855,-107.4946529,147.75,18,46.9,67.9
140,40.90849155,-107.1216767,148,19,47,68
141,48.3770548,-102.757513,148.25,20,47.1,68.1
142,44.44028219,-108.2542458,148.5,21,47.2,68.2
143,45.99880233,-107.699289,148.75,22,47.3,68.3
144,45.20913941,-100.6430684,149,23,47.4,68.4
145,44.06819073,-104.9687223,149.25,24,47.5,68.5
146,41.26891724,-98.06035997,149.5,25,47.6,68.6
147,39.38892663,-100.50879,149.75,26,47.7,68.7
148,43.65466093,-108.5387812,150,27,47.8,68.8
149,43.85803052,-100.8721196,150.25,28,47.9,68.9
150,41.70629827,-106.8870373,150.5,29,48,69
151,41.89849676,-105.0546438,150.75,30,48.1,69.1
152,43.76057533,-97.76463178,151,31,48.2,69.2
153,47.75129287,-100.4636224,151.25,32,48.3,69.3
154,41.7140708,-108.608929,151.5,33,48.4,69.4
155,48.6087602,-102.3769497,151.75,34,48.5,69.5
156,39.70045109,-104.7724528,152,35,48.6,69.6
157,46.48352714,-104.6962152,152.25,36,48.7,69.7
158,45.18030751,-97.20122127,152.5,37,48.8,69.8
159,41.32986771,-105.5995731,152.75,38,48.9,69.9
160,42.70406471,-106.2326743,153,39,49,70
161,40.51178937,-106.4614594,153.25,40,49.1,70.1
162,42.75906377,-103.9806778,153.5,41,49.2,70.2
163,42.69829977,-102.4928376,153.75,42,49.3,70.3
164,42.13657767,-104.7074189,154,43,49.4,70.4
165,45.39348057,-99.48371939,154.25,44,49.5,70.5
166,42.82914234,-104.7516283,154.5,45,49.6,70.6
167,44.8133766,-104.3706918,154.75,46,49.7,70.7
168,42.47672053,-100.8107429,155,47,49.8,70.8
169,41.20099212,-105.6569751,155.25,48,49.9,70.9
170,41.86913841,-103.6617691,155.5,49,50,71
171,43.16881914,-100.8685141,155.75,50,50.1,71.1
172,44.90309713,-107.7697718,156,51,50.2,71.2
173,42.81899865,-96.82925635,156.25,52,50.3,71.3
174,41.25482768,-97.51698341,156.5,53,50.4,71.4
175,40.37071633,-106.2602722,156.75,54,50.5,71.5
176,40.3897488,-105.7483221,157,55,50.6,71.6
177,42.23075284,-108.1769796,157.25,56,50.7,71.7
178,43.87964773,-101.8887253,157.5,57,50.8,71.8
179,46.66423299,-98.2257619,157.75,58,50.9,71.9
180,43.4991174,-95.82275261,158,59,51,72
181,48.94314823,-100.8531522,158.25,60,51.1,72.1
182,45.14227722,-97.48178067,158.5,61,51.2,72.2
183,47.17619279,-98.85601762,158.75,62,51.3,72.3
184,43.0741271,-100.9607271,159,63,51.4,72.4
185,44.31215529,-97.80763636,159.25,64,51.5,72.5
186,40.0542434,-103.1948371,159.5,65,51.6,72.6
187,43.52588945,-108.7264591,159.75,66,51.7,72.7
188,44.37402069,-102.5341614,160,67,51.8,72.8
189,43.66701968,-99.21068929,160.25,68,51.9,72.9
190,46.96453038,-103.5014888,160.5,69,52,73
191,44.59591643,-108.7739997,160.75,70,52.1,73.1
192,45.47375741,-104.2479712,161,71,52.2,73.2
193,47.91141329,-105.7311394,161.25,72,52.3,73.3
194,41.12490658,-99.16546752,161.5,73,52.4,73.4
195,43.72201734,-106.848962,161.75,74,52.5,73.5
196,43.96447938,-97.39591649,162,75,52.6,73.6
197,44.23266282,-99.48010529,162.25,76,52.7,73.7
198,41.03317734,-105.2341142,162.5,77,52.8,73.8
199,47.32900469,-104.6875489,162.75,78,52.9,73.9
200,41.43592415,-98.06841359,162.75,78,52.9,73.9
201,32.9323759,-102.6405425,150,1,25,60
202,33.76570077,-102.935967,70,0,25,20
203,39.33420304,-102.5454208,70,0,25,20
204,35.56463697,-105.5895767,70,0,25,22
205,38.43633321,-101.3959594,70,0,25,22
206,35.05915545,-102.0228043,60,1,25,70
207,40.40547803,-99.86323961,151,1,25,80
208,32.12788524,-105.5321914,156,1,25,84
209,32.75038063,-104.7348557,74,0,25,21
210,40.02207784,-107.5236227,75,0,25,22
211,33.49259681,-104.9754424,75,0,55,0
212,32.02817769,-102.4107276,140,1,55,45
213,39.82242363,-102.3570839,77,0,55,0
214,39.45979914,-98.30624526,77,0,55,0
215,37.52506364,-104.1537441,77,0,55,0
216,34.74728987,-104.4739796,145,1,45,76
217,37.47136821,-104.8283458,145,1,45,78
218,34.21044354,-106.3229227,156,1,45,70
219,36.43973182,-105.4367592,141,1,45,66
220,39.57388933,-104.7956682,143,1,45,66
221,32.49762785,-100.8512019,143.25,0,45.25,66.25
222,33.51732889,-98.65473717,143.5,1,45.5,66.5
223,40.52150329,-99.85843926,143.75,2,45.75,66.75
224,39.8998965,-104.8639283,144,3,46,67
225,36.56271886,-104.1880279,144.25,4,46.25,67.25
226,37.19062474,-98.61509268,144.5,5,46.5,67.5
227,33.14307174,-107.3207321,144.75,6,46.75,67.75
228,39.25999171,-98.24387462,145,7,47,68
229,37.54705868,-101.4457406,145.25,8,47.25,68.25
230,38.69897236,-107.9899676,145.5,9,47.5,68.5
231,34.36699336,-98.78552899,145.75,10,47.75,68.75
232,34.75420364,-99.63453727,146,11,48,69
233,39.32358009,-100.8895317,146.25,12,48.25,69.25
234,39.47861455,-100.0297548,146.5,13,48.5,69.5
235,37.42840149,-107.8631976,146.75,14,48.75,69.75
236,36.63751431,-101.8914727,147,15,49,70
237,37.33026023,-106.6067362,147.25,16,49.25,70.25
238,35.44772635,-104.4102981,147.5,17,49.5,70.5
239,33.19163618,-104.7548755,147.75,18,49.75,70.75
240,37.23422421,-105.2848068,148,19,50,71
241,36.3427409,-103.9199005,148.25,20,50.25,71.25
242,39.59642987,-99.20100451,148.5,21,50.5,71.5
243,35.21897011,-107.4735245,148.75,22,50.75,71.75
244,33.05047735,-103.8628573,149,23,51,72
245,32.70304726,-100.447469,149.25,24,51.25,72.25
246,37.05822461,-100.1299144,149.5,25,51.5,72.5
247,36.13672565,-99.83659464,149.75,26,51.75,72.75
248,34.03708323,-98.08546342,150,27,52,73
249,40.25841455,-100.1283875,150.25,28,52.25,73.25
250,39.57395501,-103.8961623,150.5,29,52.5,73.5
251,33.65212002,-99.74694154,150.75,30,52.75,73.75
252,38.3119827,-99.91397747,151,31,53,74
253,40.91995375,-102.4737526,151.25,32,53.25,74.25
254,34.85264577,-105.7484438,151.5,33,53.5,74.5
255,37.01804127,-106.6609669,151.75,34,53.75,74.75
256,32.15834502,-103.2600374,152,35,54,75
257,37.07862627,-98.35543635,152.25,36,54.25,75.25
258,39.81832861,-98.37263108,152.5,37,54.5,75.5
259,37.0971301,-101.6881579,152.75,38,54.75,75.75
260,38.86490964,-100.1949812,153,39,55,76
261,33.47445301,-105.2197493,153.25,40,55.25,76.25
262,36.96664589,-106.4667467,153.5,41,55.5,76.5
263,39.19672386,-107.8663519,153.75,42,55.75,76.75
264,36.52011402,-103.7483259,154,43,56,77
265,37.21588093,-107.9818271,154.25,44,56.25,77.25
266,36.59372367,-99.21373774,154.5,45,56.5,77.5
267,39.93707726,-100.918102,154.75,46,56.75,77.75
268,37.36740665,-105.6384857,155,47,57,78
269,38.74508069,-97.653749,155.25,48,57.25,78.25
270,39.30791238,-104.0083754,155.5,49,57.5,78.5
271,36.31386914,-101.0105753,155.75,50,57.75,78.75
272,40.58460436,-104.2502749,156,51,58,79
273,40.40012095,-100.0146243,156.25,52,58.25,79.25
274,41.5398488,-101.4263761,156.5,53,58.5,79.5
275,33.81586079,-103.691823,156.75,54,58.75,79.75
276,34.93611688,-106.392434,157,55,59,80
277,37.11914263,-104.843942,157.25,56,59.25,80.25
278,40.14859114,-106.7211447,157.5,57,59.5,80.5
279,33.67904449,-101.7709348,157.75,58,59.75,80.75
280,33.08762353,-100.3269249,158,59,60,81
281,33.9852732,-105.0087351,158.25,60,60.25,81.25
282,40.66874878,-105.1769646,158.5,61,60.5,81.5
283,40.89107915,-106.2403841,158.75,62,60.75,81.75
284,32.71054849,-100.2818853,159,63,61,82
285,37.17856057,-100.0291985,159.25,64,61.25,82.25
286,39.83747772,-105.3367389,159.5,65,61.5,82.5
287,34.68080133,-98.65234816,159.75,66,61.75,82.75
288,40.53818111,-106.8177251,160,67,62,83
289,39.29793009,-104.2432292,160.25,68,62.25,83.25
290,37.78793305,-97.71813848,160.5,69,62.5,83.5
291,33.21957891,-101.8279391,160.75,70,62.75,83.75
292,35.12920273,-105.0134891,161,71,63,84
293,35.97265271,-104.8471984,161.25,72,63.25,84.25
294,33.59333232,-104.7027676,161.5,73,63.5,84.5
295,37.68175935,-99.50212359,161.75,74,63.75,84.75
296,32.03466086,-103.8826767,162,75,64,85
297,35.8037213,-101.6762914,162.25,76,64.25,85.25
298,36.61601097,-103.5252834,162.5,77,64.5,85.5
299,36.0472871,-107.7539985,162.75,78,64.75,85.75
300,38.17855565,-107.3732926,162.75,78,64.75,85.75
301,48.10122652,-94.66063218,200,1,25,60
302,43.08784435,-91.19810891,70,0,25,20
303,45.84064896,-93.25512548,70,0,25,20
304,42.8271246,-94.84585149,70,0,25,22
305,46.81567156,-93.99409425,70,0,25,22
306,47.06550499,-94.29618955,60,1,25,70
307,43.75563013,-93.05183512,150,1,25,80
308,40.41555092,-98.86263683,145,1,25,84
309,42.74928533,-97.20583807,74,0,25,21
310,45.67146418,-96.51771114,75,0,25,22
311,40.73228377,-96.76590206,75,0,55,0
312,44.22493415,-91.27867444,140,1,55,0
313,43.38492285,-98.01524748,77,0,55,0
314,44.70436149,-89.55727837,77,0,55,0
315,47.28888498,-100.7521899,77,0,55,0
316,44.57612938,-102.7550676,145,1,45,76
317,44.32348175,-95.08570727,145,1,45,78
318,42.43613955,-95.53507134,156,1,45,70
319,46.06690038,-100.7698097,141,1,45,66
320,45.25089392,-93.3150376,143,1,45,66
321,42.11868309,-101.7219273,143.25,1,45.25,66.25
322,42.8244932,-103.0892343,143.5,1,45.5,66.5
323,47.13130679,-98.50706706,143.75,1,45.75,66.75
324,41.97254831,-97.75389361,144,1,46,67
325,41.19882834,-91.99518811,144.25,1,46.25,67.25
326,46.9868841,-96.8335658,144.5,1,46.5,67.5
327,39.773432,-93.37129364,144.75,1,46.75,67.75
328,41.61076439,-101.8351705,145,1,47,68
329,45.7166922,-95.77156779,145.25,1,47.25,68.25
330,47.1402043,-98.43521597,145.5,1,47.5,68.5
331,45.69979074,-100.1906174,145.75,1,47.75,68.75
332,47.69502098,-98.09425443,146,1,48,69
333,42.75689887,-102.2926498,146.25,1,48.25,69.25
334,39.33457766,-97.13724828,146.5,1,48.5,69.5
335,42.80437609,-96.16439477,146.75,1,48.75,69.75
336,43.18887116,-92.41928352,147,1,49,70
337,41.2055473,-94.83275793,147.25,1,49.25,70.25
338,40.17096321,-91.54670133,147.5,1,49.5,70.5
339,39.70578313,-92.26137377,147.75,1,49.75,70.75
340,40.42576671,-101.4606471,148,1,50,71
341,47.10207653,-95.49359678,148.25,1,50.25,71.25
342,47.77602928,-94.28761925,148.5,1,50.5,71.5
343,39.0192505,-98.70612448,148.75,1,50.75,71.75
344,43.66878715,-90.00289572,149,1,51,72
345,46.54857469,-98.08273808,149.25,1,51.25,72.25
346,41.75464595,-91.294105,149.5,1,51.5,72.5
347,41.38081278,-92.63937792,149.75,1,51.75,72.75
348,42.30016331,-100.2943829,150,1,52,73
349,44.42193981,-100.3775748,150.25,1,52.25,73.25
350,45.37393601,-89.87158461,150.5,1,52.5,73.5
351,43.50456773,-96.47689659,150.75,1,52.75,73.75
352,43.53135997,-90.44883009,151,1,53,74
353,42.4195589,-95.43630259,151.25,1,53.25,74.25
354,44.01296309,-95.84332257,151.5,1,53.5,74.5
355,42.97435518,-100.3839817,151.75,1,53.75,74.75
356,45.16227712,-100.4427736,152,1,54,75
357,43.04524316,-99.26086238,152.25,1,54.25,75.25
358,45.69339974,-91.53020127,152.5,1,54.5,75.5
359,40.44751751,-100.2907712,152.75,1,54.75,75.75
360,43.46299365,-98.4346924,153,1,55,76
361,46.37464293,-102.0712265,153.25,1,55.25,76.25
362,46.7752971,-101.1699854,153.5,1,55.5,76.5
363,48.19693572,-99.07167806,153.75,1,55.75,76.75
364,45.25327613,-101.4411699,154,1,56,77
365,46.89349751,-93.5301926,154.25,1,56.25,77.25
366,48.36525802,-94.78279568,154.5,1,56.5,77.5
367,43.97851469,-100.0145015,154.75,1,56.75,77.75
368,44.17186311,-99.17681711,155,1,57,78
369,42.64958095,-92.43983298,155.25,1,57.25,78.25
370,47.3005313,-95.13809281,155.5,1,57.5,78.5
371,42.68871578,-101.5899143,155.75,1,57.75,78.75
372,43.59183453,-98.55430899,156,1,58,79
373,39.21882987,-96.30028433,156.25,1,58.25,79.25
374,40.46003926,-95.97787466,156.5,1,58.5,79.5
375,40.54882925,-95.94687014,156.75,1,58.75,79.75
376,42.24564269,-91.99137011,157,1,59,80
377,46.27249865,-102.0826595,157.25,1,59.25,80.25
378,39.58195064,-100.3950622,157.5,1,59.5,80.5
379,39.25449273,-94.62783001,157.75,1,59.75,80.75
380,43.47619169,-93.01563558,158,1,60,81
381,47.61282514,-99.06000555,158.25,1,60.25,81.25
382,41.20448548,-100.5654967,158.5,1,60.5,81.5
383,42.13535425,-101.1733757,158.75,1,60.75,81.75
384,41.37279508,-99.28300519,159,1,61,82
385,44.15383138,-97.20929584,159.25,1,61.25,82.25
386,41.81657868,-97.02322879,159.5,1,61.5,82.5
387,42.53993764,-93.54978007,159.75,1,61.75,82.75
388,42.50956344,-95.13621049,160,1,62,83
389,48.35755025,-97.7219452,160.25,1,62.25,83.25
390,47.0308141,-95.20035448,160.5,1,62.5,83.5
391,41.71829922,-98.41570841,160.75,1,62.75,83.75
392,42.2697307,-92.82587805,161,1,63,84
393,42.45474698,-99.48440393,161.25,1,63.25,84.25
394,42.55526107,-90.26914955,161.5,1,63.5,84.5
395,41.66887626,-99.05641595,161.75,1,63.75,84.75
396,41.99615949,-93.40180889,162,1,64,85
397,40.88278884,-91.69548683,162.25,1,64.25,85.25
398,44.82133455,-102.4324174,162.5,1,64.5,85.5
399,43.75177585,-96.1456787,162.75,1,64.75,85.75
400,46.5439843,-100.9254466,162.75,1,64.75,85.75
401,32.43865275,-99.60279376,150,1,25,60
402,35.79481363,-104.79796,70,0,25,20
403,33.01072895,-90.34447681,70,0,25,20
404,36.66360354,-102.8121365,70,0,25,22
405,34.83805074,-97.2453898,70,0,25,22
406,40.08070668,-97.01227874,60,1,25,70
407,43.29325401,-95.49215988,150,1,25,80
408,43.36779806,-99.33292049,150,1,25,84
409,40.8023887,-93.10503033,74,0,25,21
410,38.86265525,-103.7365908,75,0,25,22
411,43.91932607,-96.57698221,75,0,55,0
412,38.76418332,-90.79215219,140,1,55,0
413,33.06950299,-100.0601927,77,0,55,0
414,34.2541034,-88.99752399,77,0,55,0
415,41.61391824,-101.5920167,77,0,55,0
416,31.6363215,-96.59740359,145,1,45,76
417,42.06624873,-90.24282244,145,1,45,78
418,33.23838068,-90.21940163,156,1,45,70
419,35.16623302,-92.72305958,141,1,45,66
420,36.02442001,-97.14962506,143,1,45,66
421,41.58957916,-97.69495913,143.25,1,45.25,66.25
422,40.69524735,-93.23929985,143.5,2,45.5,66.5
423,39.93201137,-97.02168809,143.75,3,45.75,66.75
424,41.99559719,-94.84326906,144,4,46,67
425,31.21935347,-101.6783318,144.25,5,46.25,67.25
426,43.47452078,-96.50672869,144.5,6,46.5,67.5
427,41.23585686,-98.073041,144.75,7,46.75,67.75
428,37.46025189,-102.4083482,145,8,47,68
429,38.16878129,-103.2648916,145.25,9,47.25,68.25
430,43.03549304,-95.6277709,145.5,10,47.5,68.5
431,31.99838472,-96.965271,145.75,11,47.75,68.75
432,38.86238238,-95.27773523,146,12,48,69
433,32.72155603,-93.83240113,146.25,13,48.25,69.25
434,41.62548561,-91.21482819,146.5,14,48.5,69.5
435,33.86586587,-98.33649301,146.75,15,48.75,69.75
436,31.53464979,-99.11718011,147,16,49,70
437,36.46268318,-98.70260509,147.25,17,49.25,70.25
438,42.94387294,-100.235539,147.5,18,49.5,70.5
439,30.76430467,-93.2167916,147.75,19,49.75,70.75
440,36.42802264,-91.80610687,148,20,50,71
441,38.43419126,-88.88940412,148.25,21,50.25,71.25
442,34.06156412,-101.7628694,148.5,22,50.5,71.5
443,36.07701859,-102.5787849,148.75,23,50.75,71.75
444,31.84051129,-95.56521687,149,24,51,72
445,36.51266277,-95.81713349,149.25,25,51.25,72.25
446,40.13972614,-89.81596561,149.5,26,51.5,72.5
447,38.66948719,-95.86774143,149.75,27,51.75,72.75
448,33.10641188,-97.73833132,150,28,52,73
449,33.98942543,-96.16485194,150.25,29,52.25,73.25
450,31.2629532,-94.45416655,150.5,30,52.5,73.5
451,35.97273829,-105.6744402,150.75,31,52.75,73.75
452,36.3150607,-97.47271442,151,32,53,74
453,41.81921331,-90.33321181,151.25,33,53.25,74.25
454,34.75718408,-102.068893,151.5,34,53.5,74.5
455,37.9079974,-92.17316046,151.75,35,53.75,74.75
456,31.54196881,-91.69946286,152,36,54,75
457,33.56335094,-102.2830363,152.25,37,54.25,75.25
458,36.10479138,-101.8509161,152.5,38,54.5,75.5
459,39.55593464,-97.60077286,152.75,39,54.75,75.75
460,32.76566859,-99.15755606,153,40,55,76
461,31.20505414,-96.83386519,153.25,41,55.25,76.25
462,35.18177804,-90.06706465,153.5,42,55.5,76.5
463,37.79545998,-88.67034681,153.75,43,55.75,76.75
464,40.52448366,-93.93785242,154,44,56,77
465,40.29656645,-88.88154005,154.25,45,56.25,77.25
466,39.36863911,-91.87944672,154.5,46,56.5,77.5
467,39.75861943,-95.58244119,154.75,47,56.75,77.75
468,40.05012981,-98.35556291,155,48,57,78
469,43.33905805,-97.02993167,155.25,49,57.25,78.25
470,34.77830412,-92.94387578,155.5,50,57.5,78.5
471,33.01814784,-104.070878,155.75,51,57.75,78.75
472,37.99804999,-101.6556732,156,52,58,79
473,38.2359783,-95.28074295,156.25,53,58.25,79.25
474,31.1252338,-100.5462561,156.5,54,58.5,79.5
475,41.01684194,-90.41507991,156.75,55,58.75,79.75
476,31.70701588,-98.32548085,157,56,59,80
477,40.69578086,-97.50166693,157.25,57,59.25,80.25
478,39.53632353,-105.2305459,157.5,58,59.5,80.5
479,37.97759556,-92.08994053,157.75,59,59.75,80.75
480,40.93350233,-91.18254524,158,60,60,81
481,39.54427439,-103.0255996,158.25,61,60.25,81.25
482,31.82927941,-91.78003639,158.5,62,60.5,81.5
483,41.26002956,-98.15616561,158.75,63,60.75,81.75
484,32.94603498,-99.49935104,159,64,61,82
485,31.69559886,-100.6699757,159.25,65,61.25,82.25
486,35.08853847,-88.6515068,159.5,66,61.5,82.5
487,33.47988533,-100.4829092,159.75,67,61.75,82.75
488,35.80556202,-97.90963376,160,68,62,83
489,41.23101579,-103.2672222,160.25,69,62.25,83.25
490,35.65679869,-89.58082405,160.5,70,62.5,83.5
491,42.74079786,-95.22535666,160.75,71,62.75,83.75
492,40.80967368,-103.0425738,161,72,63,84
493,41.65598381,-91.53128691,161.25,73,63.25,84.25
494,38.641776,-95.0150426,161.5,74,63.5,84.5
495,34.40804792,-104.0908142,161.75,75,63.75,84.75
496,41.96496549,-100.8367609,162,76,64,85
497,41.24601115,-103.082524,162.25,77,64.25,85.25
498,38.10857274,-99.13300844,162.5,78,64.5,85.5
499,43.50035413,-92.83101129,162.75,79,64.75,85.75
500,37.60899292,-101.5136953,162.75,79,64.75,85.75
501,30.9517108,-99.61313371,150,1,25,60
502,37.562149,-95.16132518,70,0,25,20
503,34.72852136,-89.58270851,70,0,25,20
504,35.19922174,-88.38940027,70,0,25,22
505,38.83641953,-98.40663548,70,0,25,22
506,40.44673912,-98.12393519,60,1,25,70
507,35.39253536,-100.9768881,150,1,25,80
508,32.45089546,-103.1399943,145,1,25,84
509,35.09408194,-99.6036965,74,0,25,21
510,38.07429496,-102.8283668,75,0,25,22
511,38.95580619,-101.8457027,75,0,55,0
512,37.32239468,-90.67333736,140,1,55,45
513,34.32391822,-99.638063,77,0,55,0
514,32.41632456,-101.409088,77,0,55,0
515,37.30348506,-88.46194714,77,0,55,0
516,37.36291017,-98.51135413,145,1,45,76
517,32.88008809,-91.51577931,145,1,45,78
518,36.79047407,-88.3172471,206,1,45,70
519,37.45720796,-90.9439024,141,1,45,66
520,40.59009589,-93.63927944,143,1,45,66
521,40.27928035,-102.597822,143.25,0,45.5,66.5
522,30.27448419,-98.52942151,143.5,1,46,67
523,32.83172226,-103.8515726,143.75,2,46.5,67.5
524,30.16457205,-97.98411181,144,3,47,68
525,38.49618862,-102.718682,144.25,4,47.5,68.5
526,39.95557361,-90.53497709,144.5,5,48,69
527,37.96625194,-93.2034753,144.75,6,48.5,69.5
528,31.05100201,-99.23202362,145,7,49,70
529,36.34888292,-92.72279839,145.25,8,49.5,70.5
530,41.15678629,-90.55010921,145.5,9,50,71
531,33.9682418,-101.1014203,145.75,10,50.5,71.5
532,37.19485372,-92.74990287,146,11,51,72
533,34.54405532,-91.8444702,146.25,12,51.5,72.5
534,41.74964637,-95.07104117,146.5,13,52,73
535,30.70192558,-99.40803015,146.75,14,52.5,73.5
536,38.41579159,-97.78043422,147,15,53,74
537,35.69542992,-102.8751672,147.25,16,53.5,74.5
538,34.38879753,-95.34505726,147.5,17,54,75
539,31.47508335,-98.14088077,147.75,18,54.5,75.5
540,37.70197945,-95.02605697,148,19,55,76
541,31.71594321,-92.75921682,148.25,20,55.5,76.5
542,40.84354775,-97.79447154,148.5,21,56,77
543,32.68153311,-101.1333666,148.75,22,56.5,77.5
544,40.57528373,-101.5158505,149,23,57,78
545,39.97842671,-89.30588533,149.25,24,57.5,78.5
546,34.33950097,-96.02101674,149.5,25,58,79
547,36.58191811,-104.1862771,149.75,26,58.5,79.5
548,34.98998441,-100.5922386,150,27,59,80
549,39.67172489,-100.0008232,150.25,28,59.5,80.5
550,39.38740302,-98.50022713,150.5,29,60,81
551,37.07900477,-94.80503566,150.75,30,60.5,81.5
552,30.78338064,-99.56355998,151,31,61,82
553,41.0017057,-103.3498679,151.25,32,61.5,82.5
554,42.28353715,-99.8724795,151.5,33,62,83
555,34.75711499,-101.4833488,151.75,34,62.5,83.5
556,42.48162029,-91.73442747,152,35,63,84
557,40.27693545,-98.9626535,152.25,36,63.5,84.5
558,40.48161126,-101.3002803,152.5,37,64,85
559,42.02523898,-90.17087858,152.75,38,64.5,85.5
560,37.43436542,-98.95426177,153,39,65,86
561,41.89745332,-95.60969048,153.25,40,65.5,86.5
562,38.2425527,-105.9332518,153.5,41,66,87
563,32.83721286,-102.8700276,153.75,42,66.5,87.5
564,35.46386813,-101.4295023,154,43,67,88
565,39.04880452,-93.88552518,154.25,44,67.5,88.5
566,43.57562511,-94.61987403,154.5,45,68,89
567,39.62331792,-103.0907027,154.75,46,68.5,89.5
568,38.22669027,-98.05875448,155,47,69,90
569,33.7667337,-93.37442615,155.25,48,69.5,90.5
570,32.27655883,-102.6541129,155.5,49,70,91
571,31.83782369,-97.11042383,155.75,50,70.5,91.5
572,43.05535182,-100.4772554,156,51,71,92
573,34.42041254,-90.42375096,156.25,52,71.5,92.5
574,39.18178803,-90.27556834,156.5,53,72,93
575,31.31581674,-97.8731675,156.75,54,72.5,93.5
576,42.76264467,-92.73753146,157,55,73,94
577,42.97185956,-100.3174215,157.25,56,73.5,94.5
578,39.877968,-104.1538416,157.5,57,74,95
579,35.7030527,-95.91565417,157.75,58,74.5,95.5
580,32.09928269,-98.65479093,158,59,75,96
581,36.08007927,-97.14137687,158.25,60,75.5,96.5
582,33.04506952,-104.0184186,158.5,61,76,97
583,39.54184105,-90.57532281,158.75,62,76.5,97.5
584,31.69072733,-98.10861537,159,63,77,98
585,37.24975036,-101.6047702,159.25,64,77.5,98.5
586,43.38835378,-96.43988883,159.5,65,78,99
587,34.38733092,-90.32106716,159.75,66,78.5,99.5
588,33.38625511,-99.90302241,160,67,79,100
589,37.93512784,-88.64755331,160.25,68,79.5,100.5
590,34.36415925,-100.9884045,160.5,69,80,101
591,34.98024663,-91.71265685,160.75,70,80.5,101.5
592,32.31047324,-90.59605344,161,71,81,102
593,33.89362546,-89.89143424,161.25,72,81.5,102.5
594,40.25543398,-95.72670247,161.5,73,82,103
595,34.60994501,-99.4918437,161.75,74,82.5,103.5
596,39.97899305,-98.07048157,162,75,83,104
597,34.13390763,-99.79659845,162.25,76,83.5,104.5
598,42.74710302,-98.19347214,162.5,77,84,105
599,38.32255512,-99.57886306,162.75,78,84.5,105.5
600,35.27301955,-104.9166531,162.75,78,84.5,105.5
601,39.63741495,-91.59123477,150,1,25,60
602,42.08472201,-89.74875335,70,0,25,20
603,38.45218769,-86.03316028,70,0,25,20
604,40.91117351,-82.12928492,70,0,25,22
605,41.28238931,-91.87325316,70,0,25,22
606,31.59105393,-86.04038367,60,1,25,70
607,35.72773197,-91.75390942,155,1,25,80
608,37.93271324,-80.81360306,155,1,25,84
609,41.61196669,-86.95635346,74,0,25,21
610,30.20770819,-87.58947915,75,0,25,22
611,35.63322676,-91.29582849,75,0,55,0
612,39.78964957,-85.43089606,140,1,55,0
613,35.91418802,-87.98655315,77,0,55,0
614,41.36129111,-81.62372731,77,0,55,0
615,41.68419055,-86.67822238,77,0,55,0
616,34.88298947,-87.56257851,145,1,45,76
617,38.93477995,-80.27435434,145,1,45,78
618,38.02546414,-91.50251986,156,1,45,70
619,33.53461933,-83.5341918,141,1,45,66
620,40.02315611,-80.4843718,143,1,45,66
621,34.62795233,-83.72005631,142.5,1,45.5,66.25
622,36.51330529,-89.53970226,142,2,46,66.5
623,37.82294691,-89.69599328,141.5,3,46.5,66.75
624,42.89708197,-92.16698289,141,4,47,67
625,39.74883458,-89.43510317,140.5,5,47.5,67.25
626,40.29102829,-96.22564347,140,6,48,67.5
627,37.06954974,-91.61725658,139.5,7,48.5,67.75
628,32.87761429,-87.35100877,139,8,49,68
629,36.46709277,-79.60680056,138.5,9,49.5,68.25
630,40.24033796,-83.341961,138,10,50,68.5
631,41.07431533,-92.00745981,137.5,11,50.5,68.75
632,40.87213431,-93.43298213,137,12,51,69
633,30.69406506,-87.44837568,136.5,13,51.5,69.25
634,31.09446105,-88.50325503,136,14,52,69.5
635,31.56453189,-86.95096427,135.5,15,52.5,69.75
636,36.51785366,-94.11474609,135,16,53,70
637,41.2580188,-89.91519734,134.5,17,53.5,70.25
638,34.88507094,-94.00865575,134,18,54,70.5
639,37.75800477,-89.75489999,133.5,19,54.5,70.75
640,38.76917104,-89.11364055,133,20,55,71
641,34.81834144,-80.55457721,132.5,21,55.5,71.25
642,40.67051572,-80.56117602,132,22,56,71.5
643,35.69455649,-90.33833409,131.5,23,56.5,71.75
644,38.84336925,-86.9780183,131,24,57,72
645,39.79609303,-90.07676215,130.5,25,57.5,72.25
646,41.16019827,-96.20806835,130,26,58,72.5
647,33.40879138,-85.3768481,129.5,27,58.5,72.75
648,37.39107309,-85.53807845,129,28,59,73
649,30.59313066,-89.28475755,128.5,29,59.5,73.25
650,40.73294702,-87.60076758,128,30,60,73.5
651,35.18031642,-83.00314709,127.5,31,60.5,73.75
652,36.87814629,-89.47785191,127,32,61,74
653,37.90548391,-96.11553942,126.5,33,61.5,74.25
654,35.57720617,-90.37257467,126,34,62,74.5
655,36.40653869,-88.34685217,125.5,35,62.5,74.75
656,36.23283712,-92.35049714,125,36,63,75
657,33.2047715,-81.91446261,124.5,37,63.5,75.25
658,40.71142261,-89.91924679,124,38,64,75.5
659,39.35418396,-94.56013747,123.5,39,64.5,75.75
660,33.04277118,-85.13455644,123,40,65,76
661,38.54163037,-94.86424636,122.5,41,65.5,76.25
662,35.27593078,-81.44093403,122,42,66,76.5
663,31.905279,-89.34214034,121.5,43,66.5,76.75
664,33.76436383,-85.71260748,121,44,67,77
665,34.68066449,-81.91776676,120.5,45,67.5,77.25
666,33.48244395,-87.93418178,120,46,68,77.5
667,35.12270255,-84.97903119,119.5,47,68.5,77.75
668,34.90343282,-96.65301176,119,48,69,78
669,34.00605543,-86.70215616,118.5,49,69.5,78.25
670,34.48702887,-89.00135984,118,50,70,78.5
671,31.28218565,-89.52108275,117.5,51,70.5,78.75
672,33.67966036,-92.66921001,117,52,71,79
673,34.4322825,-86.72536346,116.5,53,71.5,79.25
674,37.07611972,-85.02297467,116,54,72,79.5
675,32.70091933,-90.6526617,115.5,55,72.5,79.75
676,37.66759787,-83.695374,115,56,73,80
677,35.19371459,-94.0549914,114.5,57,73.5,80.25
678,35.83692194,-93.764498,114,58,74,80.5
679,32.14008543,-88.64822134,113.5,59,74.5,80.75
680,37.53241824,-84.6972261,113,60,75,81
681,37.95272437,-87.93576206,112.5,61,75.5,81.25
682,38.64490261,-93.32400939,112,62,76,81.5
683,37.49002513,-90.89429872,111.5,63,76.5,81.75
684,41.16172751,-96.10911761,111,64,77,82
685,32.83814752,-88.62940893,110.5,65,77.5,82.25
686,36.26538938,-90.92443981,110,66,78,82.5
687,33.53211854,-85.99223237,109.5,67,78.5,82.75
688,34.82000074,-88.42495436,109,68,79,83
689,42.31862819,-82.84164711,108.5,69,79.5,83.25
690,32.75917546,-88.77391411,108,70,80,83.5
691,33.25272224,-93.2689683,107.5,71,80.5,83.75
692,32.91457856,-83.43761507,107,72,81,84
693,36.77370038,-83.24844618,106.5,73,81.5,84.25
694,43.25378788,-88.27409309,106,74,82,84.5
695,40.1612503,-87.78518041,105.5,75,82.5,84.75
696,39.91524635,-96.15208778,105,76,83,85
697,34.53979294,-89.75298183,104.5,77,83.5,85.25
698,35.29634227,-83.33527177,104,78,84,85.5
699,34.73535356,-95.95489349,103.5,79,84.5,85.75
700,36.78451397,-81.49962571,103.5,79,84.5,85.75
701,37.46617559,-94.69957017,150,1,25,60
702,30.9569981,-92.57343724,70,0,25,20
703,35.97411757,-80.16431593,70,0,25,20
704,39.62713339,-89.46733597,70,0,25,22
705,41.41292886,-82.31236049,70,0,25,22
706,34.29690995,-91.33401131,60,1,25,70
707,42.2146039,-84.30557242,156,1,25,80
708,35.49735087,-87.55843423,155,1,25,84
709,39.30290231,-88.60557242,74,0,25,21
710,32.33242816,-83.76137622,75,0,25,22
711,43.51509934,-86.43730933,75,0,55,0
712,31.24783514,-92.35214292,140,1,55,0
713,40.1848467,-94.80589736,77,0,55,0
714,33.35181992,-85.12401536,77,0,55,0
715,35.97639752,-83.76861511,77,0,55,0
716,35.72940132,-87.34825941,145,1,45,76
717,37.80236805,-94.76354522,145,1,45,78
718,32.91662469,-91.05358167,156,1,45,70
719,40.02196942,-92.27325688,141,1,45,66
720,38.22189483,-88.87973132,143,1,45,66
721,39.55738507,-89.79304742,143.5,0,45.5,66.5
722,40.83434624,-82.10492197,144,1,46,67
723,33.00429559,-90.68438114,144.5,2,46.5,67.5
724,38.69819845,-82.46992112,145,3,47,68
725,41.88620736,-91.18764514,145.5,4,47.5,68.5
726,37.60375251,-87.32428516,146,5,48,69
727,31.58510771,-87.85825725,146.5,6,48.5,69.5
728,39.09910444,-95.92647911,147,7,49,70
729,34.07803804,-95.8103087,147.5,8,49.5,70.5
730,37.55458475,-94.94388903,148,9,50,71
731,34.15275462,-82.71911835,148.5,10,50.5,71.5
732,34.7241769,-90.26574373,149,11,51,72
733,35.79641129,-91.49405206,149.5,12,51.5,72.5
734,40.39096038,-91.15569801,150,13,52,73
735,38.47228216,-91.36460806,150.5,14,52.5,73.5
736,34.75360182,-92.14960528,151,15,53,74
737,34.27382859,-85.91218786,151.5,16,53.5,74.5
738,40.89243264,-89.05877521,152,17,54,75
739,35.06046286,-81.25982704,152.5,18,54.5,75.5
740,32.55711521,-91.6150055,153,19,55,76
741,30.99420612,-85.64444175,153.5,20,55.5,76.5
742,32.14906402,-90.27556236,154,21,56,77
743,41.22147286,-85.31150432,154.5,22,56.5,77.5
744,40.51874234,-92.33478991,155,23,57,78
745,37.69459848,-87.10128225,155.5,24,57.5,78.5
746,31.22327849,-91.42736938,156,25,58,79
747,33.74033647,-88.13671771,156.5,26,58.5,79.5
748,36.44566923,-95.30110514,157,27,59,80
749,32.01675415,-82.43767656,157.5,28,59.5,80.5
750,38.95058877,-87.75791135,158,29,60,81
751,38.58936533,-85.64069364,158.5,30,60.5,81.5
752,38.76209638,-90.5617209,159,31,61,82
753,37.82492356,-79.58128439,159.5,32,61.5,82.5
754,42.70503148,-87.87340595,160,33,62,83
755,39.49638744,-80.20927604,160.5,34,62.5,83.5
756,38.13145952,-79.56462311,161,35,63,84
757,41.22598978,-88.25063559,161.5,36,63.5,84.5
758,39.62962916,-92.58128635,162,37,64,85
759,40.57401459,-91.6005916,162.5,38,64.5,85.5
760,42.60856718,-93.62479308,163,39,65,86
761,36.006681,-86.02602696,163.5,40,65.5,86.5
762,42.2720418,-89.25447181,164,41,66,87
763,33.0047903,-85.33962058,164.5,42,66.5,87.5
764,35.63711038,-96.20249344,165,43,67,88
765,32.36423125,-89.14488326,165.5,44,67.5,88.5
766,41.93948481,-94.65311293,166,45,68,89
767,42.12721397,-83.94756157,166.5,46,68.5,89.5
768,36.44864346,-89.91471554,167,47,69,90
769,34.99154857,-94.00190775,167.5,48,69.5,90.5
770,31.61955725,-85.99473057,168,49,70,91
771,37.09013477,-79.89959584,168.5,50,70.5,91.5
772,40.72087394,-80.94341878,169,51,71,92
773,34.54470207,-92.75375101,169.5,52,71.5,92.5
774,41.03893599,-81.32527897,170,53,72,93
775,38.64007865,-93.47267298,170.5,54,72.5,93.5
776,42.11447135,-92.90514139,171,55,73,94
777,36.45877423,-81.23923073,171.5,56,73.5,94.5
778,33.57609277,-90.0408752,172,57,74,95
779,34.33921767,-80.67828794,172.5,58,74.5,95.5
780,35.52159228,-86.02851861,173,59,75,96
781,40.04540466,-85.3561013,173.5,60,75.5,96.5
782,36.70590877,-81.54547573,174,61,76,97
783,31.33554827,-91.22318037,174.5,62,76.5,97.5
784,41.52065645,-83.13429507,175,63,77,98
785,34.52365862,-86.75228964,175.5,64,77.5,98.5
786,34.24552152,-86.03426646,176,65,78,99
787,43.07652695,-90.36971279,176.5,66,78.5,99.5
788,32.04002097,-89.107475,177,67,79,100
789,39.52143415,-84.0455017,177.5,68,79.5,100.5
790,34.18465662,-84.5427924,178,69,80,101
791,33.1078114,-89.23285244,178.5,70,80.5,101.5
792,35.59516507,-92.50074512,179,71,81,102
793,35.48884466,-94.53666467,179.5,72,81.5,102.5
794,30.34774896,-86.16352773,180,73,82,103
795,36.23902748,-90.19106581,180.5,74,82.5,103.5
796,36.46279678,-85.91528395,181,75,83,104
797,32.83874991,-93.14578498,181.5,76,83.5,104.5
798,38.72825197,-90.29486487,182,77,84,105
799,33.18995623,-90.49075978,182.5,78,84.5,105.5
800,39.9047993,-83.22030953,182.5,78,84.5,105.5
801,43.30326,-74.79730715,150,1,25,60
802,43.210551,-73.29472511,70,0,25,20
803,43.12886998,-75.1427595,70,0,25,20
804,42.4682248,-72.78321474,70,0,25,22
805,43.41337814,-73.50448927,70,0,25,22
806,43.42452805,-73.53439988,60,1,25,70
807,41.75780418,-74.1706583,155,1,25,80
808,43.15378158,-74.21512431,155,1,25,84
809,42.62880087,-74.18870049,74,0,25,21
810,42.85011454,-74.29028164,75,0,25,22
811,42.63711795,-75.16043853,75,0,55,0
812,41.65431504,-75.95913586,140,1,55,0
813,43.06207826,-76.2897965,77,0,55,0
814,42.10696761,-74.08416711,77,0,55,0
815,42.0907528,-76.48860906,77,0,55,0
816,43.78515767,-74.50455169,145,1,45,76
817,43.53921489,-74.28906158,145,1,45,78
818,41.81642995,-73.27020322,156,1,45,70
819,42.58946248,-75.17516783,141,1,45,66
820,41.14470461,-74.66180577,143,1,45,66
821,42.08127125,-73.03810825,143.5,0,45.25,66.25
822,42.68619866,-73.36866055,144,1,45.5,66.5
823,41.36469688,-75.83416073,144.5,2,45.75,66.75
824,42.93652816,-74.95740509,145,3,46,67
825,42.90687757,-73.90828292,145.5,4,46.25,67.25
826,41.64835354,-74.82713254,146,5,46.5,67.5
827,41.98589172,-73.70382772,146.5,6,46.75,67.75
828,42.23540995,-76.00334245,147,7,47,68
829,41.67781576,-74.91948295,147.5,8,47.25,68.25
830,41.49967641,-73.85569253,148,9,47.5,68.5
831,41.83893037,-73.00497426,148.5,10,47.75,68.75
832,43.48629,-76.01804532,149,11,48,69
833,42.61131932,-75.32844123,149.5,12,48.25,69.25
834,43.32028855,-75.66108691,150,13,48.5,69.5
835,41.57738638,-75.91201192,150.5,14,48.75,69.75
836,43.77173045,-74.26648838,151,15,49,70
837,41.20391065,-74.90469586,151.5,16,49.25,70.25
838,42.78438959,-72.81430429,152,17,49.5,70.5
839,43.6591569,-75.80893237,152.5,18,49.75,70.75
840,42.62434133,-76.60989242,153,19,50,71
841,42.02154476,-73.56869012,153.5,20,50.25,71.25
842,41.34167961,-74.29101322,154,21,50.5,71.5
843,42.30866637,-74.75431365,154.5,22,50.75,71.75
844,43.52122695,-74.0966559,155,23,51,72
845,42.63233303,-74.028814,155.5,24,51.25,72.25
846,43.0736983,-73.6432747,156,25,51.5,72.5
847,41.47217533,-75.39294906,156.5,26,51.75,72.75
848,43.33204133,-73.32781074,157,27,52,73
849,41.6210953,-74.6974155,157.5,28,52.25,73.25
850,41.48298892,-74.05889137,158,29,52.5,73.5
851,42.40696225,-74.31743816,158.5,30,52.75,73.75
852,41.53885673,-74.14962346,159,31,53,74
853,42.23829338,-75.07494269,159.5,32,53.25,74.25
854,42.94300474,-76.34834505,160,33,53.5,74.5
855,41.93477668,-76.4139914,160.5,34,53.75,74.75
856,43.31746238,-75.75562908,161,35,54,75
857,41.4272298,-75.12229483,161.5,36,54.25,75.25
858,42.20135948,-75.16404723,162,37,54.5,75.5
859,41.81711153,-75.31584695,162.5,38,54.75,75.75
860,42.1045127,-74.28202644,163,39,55,76
861,43.30041476,-75.39270548,163.5,40,55.25,76.25
862,41.57313389,-75.23381724,164,41,55.5,76.5
863,42.43454923,-72.90699463,164.5,42,55.75,76.75
864,43.42191398,-75.76841755,165,43,56,77
865,42.13983239,-75.8639943,165.5,44,56.25,77.25
866,43.62698217,-75.77584636,166,45,56.5,77.5
867,42.55839779,-76.25816861,166.5,46,56.75,77.75
868,43.02866394,-75.91021449,167,47,57,78
869,43.51901969,-75.86971944,167.5,48,57.25,78.25
870,42.13896074,-75.61790825,168,49,57.5,78.5
871,43.85394968,-74.65588051,168.5,50,57.75,78.75
872,43.59866578,-75.87887138,169,51,58,79
873,43.82310514,-74.95974424,169.5,52,58.25,79.25
874,41.91315645,-73.12820942,170,53,58.5,79.5
875,41.96524461,-75.20483151,170.5,54,58.75,79.75
876,42.53692565,-76.38826726,171,55,59,80
877,42.35907108,-75.9480817,171.5,56,59.25,80.25
878,42.30469936,-74.82166728,172,57,59.5,80.5
879,42.47790693,-74.07722984,172.5,58,59.75,80.75
880,41.90627841,-73.41684053,173,59,60,81
881,42.05666393,-75.2701322,173.5,60,60.25,81.25
882,41.8742136,-75.62979996,174,61,60.5,81.5
883,41.93479879,-75.69281752,174.5,62,60.75,81.75
884,42.25185169,-73.06824616,175,63,61,82
885,43.83436171,-74.8126596,175.5,64,61.25,82.25
886,42.28122265,-72.78864519,176,65,61.5,82.5
887,41.55586463,-75.10585338,176.5,66,61.75,82.75
888,43.03464796,-74.05112809,177,67,62,83
889,41.4520611,-73.66314911,177.5,68,62.25,83.25
890,42.94710703,-76.35200585,178,69,62.5,83.5
891,41.46180617,-74.36084536,178.5,70,62.75,83.75
892,41.28188296,-75.51858024,179,71,63,84
893,42.99846357,-75.91635029,179.5,72,63.25,84.25
894,42.733636,-73.88344289,180,73,63.5,84.5
895,43.30235202,-73.94447382,180.5,74,63.75,84.75
896,42.99205857,-74.18980251,181,75,64,85
897,41.84993525,-74.4855495,181.5,76,64.25,85.25
898,43.03959378,-74.72776298,182,77,64.5,85.5
899,41.99028193,-74.8202418,182.5,78,64.75,85.75
900,41.7821893,-75.41963615,182.5,78,64.75,85.75
901,38.51448271,-84.65459661,150,1,25,60
902,38.87397057,-89.17440128,70,0,25,20
903,38.60695119,-88.20859707,70,0,25,20
904,36.73214167,-86.39873708,70,0,25,22
905,31.34978103,-82.63160898,70,0,25,22
906,34.17111474,-86.03420815,60,1,25,70
907,33.95102404,-90.60417599,160,1,25,80
908,34.01325974,-83.48099724,165,1,25,84
909,33.17169209,-80.7284979,74,0,25,21
910,38.0793942,-81.93836913,75,0,25,22
911,36.00979449,-90.88625855,75,0,55,0
912,35.48323792,-80.77497215,140,1,55,0
913,38.11453476,-89.30858492,77,0,55,0
914,36.89499014,-88.64039705,77,0,55,0
915,38.35809801,-87.8939051,77,0,55,0
916,37.06074406,-90.9663599,145,1,45,76
917,36.71002464,-88.16870437,145,1,45,78
918,34.69042465,-88.17282,156,1,45,70
919,34.46790244,-90.26868616,141,1,45,66
920,36.20202133,-82.59211162,170,1,45,90
921,34.04690327,-90.74891539,169.75,0,45.1,89.75
922,31.97951135,-90.34508279,169.5,1,45.2,89.5
923,34.2820373,-81.14337374,169.25,2,45.3,89.25
924,32.2752358,-90.7937152,169,3,45.4,89
925,39.53076092,-87.53592756,168.75,4,45.5,88.75
926,35.47255672,-83.07191637,168.5,5,45.6,88.5
927,33.58307794,-88.92697514,168.25,6,45.7,88.25
928,34.6188835,-87.88832087,168,7,45.8,88
929,39.38996883,-85.84472075,167.75,8,45.9,87.75
930,37.35027641,-81.20407298,167.5,9,46,87.5
931,33.93356602,-80.44193625,167.25,10,46.1,87.25
932,32.18845364,-88.45632225,167,11,46.2,87
933,34.70825695,-90.57086016,166.75,12,46.3,86.75
934,37.07406648,-91.9865518,166.5,13,46.4,86.5
935,38.18348527,-85.61842443,166.25,14,46.5,86.25
936,38.8006112,-89.3752694,166,15,46.6,86
937,36.57424226,-80.46677584,165.75,16,46.7,85.75
938,31.21512434,-88.34380978,165.5,17,46.8,85.5
939,37.14083685,-87.44426986,165.25,18,46.9,85.25
940,32.95297148,-91.21140847,165,19,47,85
941,31.86223746,-83.0849114,164.75,20,47.1,84.75
942,34.4745897,-91.34983122,164.5,21,47.2,84.5
943,35.40218125,-81.43973722,164.25,22,47.3,84.25
944,37.02861071,-88.39596089,164,23,47.4,84
945,36.28282441,-87.54726997,163.75,24,47.5,83.75
946,36.29002454,-87.75086562,163.5,25,47.6,83.5
947,34.44793489,-90.85816514,163.25,26,47.7,83.25
948,34.58641341,-92.15576473,163,27,47.8,83
949,36.84276253,-81.46654867,162.75,28,47.9,82.75
950,38.65334234,-87.47344189,162.5,29,48,82.5
951,38.65127941,-89.74927487,162.25,30,48.1,82.25
952,37.60115505,-90.71992339,162,31,48.2,82
953,34.33795871,-92.03293518,161.75,32,48.3,81.75
954,37.43957508,-88.76375887,161.5,33,48.4,81.5
955,38.21498312,-88.95294157,161.25,34,48.5,81.25
956,34.74838538,-84.61017917,161,35,48.6,81
957,39.36288655,-88.66084689,160.75,36,48.7,80.75
958,35.28501647,-89.10969375,160.5,37,48.8,80.5
959,33.22819932,-89.31993272,160.25,38,48.9,80.25
960,36.41463959,-86.31300449,160,39,49,80
961,36.29354018,-91.86687152,159.75,40,49.1,79.75
962,36.21130311,-91.51620195,159.5,41,49.2,79.5
963,35.87112537,-90.28284112,159.25,42,49.3,79.25
964,37.52140815,-82.08541782,159,43,49.4,79
965,36.90296616,-91.83452532,158.75,44,49.5,78.75
966,32.23593257,-88.93864402,158.5,45,49.6,78.5
967,34.10839318,-85.50438916,158.25,46,49.7,78.25
968,31.88645988,-83.66234949,158,47,49.8,78
969,36.71259656,-90.76407693,157.75,48,49.9,77.75
970,31.83072576,-90.04954082,157.5,49,50,77.5
971,34.91011256,-89.3752662,157.25,50,50.1,77.25
972,33.1573095,-89.54870945,157,51,50.2,77
973,32.26581947,-88.84718971,156.75,52,50.3,76.75
974,31.99824072,-85.86168886,156.5,53,50.4,76.5
975,34.54427389,-90.75048301,156.25,54,50.5,76.25
976,39.19072533,-88.16389277,156,55,50.6,76
977,32.30858849,-81.40797252,155.75,56,50.7,75.75
978,35.6536334,-86.59649309,155.5,57,50.8,75.5
979,38.31077796,-82.01026031,155.25,58,50.9,75.25
980,36.6144215,-81.83661195,155,59,51,75
981,34.11181463,-82.45969705,154.75,60,51.1,74.75
982,38.4045039,-89.83617752,154.5,61,51.2,74.5
983,34.06637664,-87.75426791,154.25,62,51.3,74.25
984,34.777297,-85.77204515,154,63,51.4,74
985,36.20570889,-83.91995136,153.75,64,51.5,73.75
986,35.3958497,-85.89639468,153.5,65,51.6,73.5
987,32.14293059,-88.30738151,153.25,66,51.7,73.25
988,36.36911996,-86.50305363,153,67,51.8,73
989,39.16263057,-87.78523369,152.75,68,51.9,72.75
990,35.67472209,-84.93172464,152.5,69,52,72.5
991,38.21085959,-82.35967086,152.25,70,52.1,72.25
992,35.09329956,-82.25925011,152,71,52.2,72
993,33.22849518,-86.80014547,151.75,72,52.3,71.75
994,39.86467068,-88.44819816,151.5,73,52.4,71.5
995,30.34450105,-85.01971828,151.25,74,52.5,71.25
996,33.42966708,-81.83679291,151,75,52.6,71
997,31.84685286,-85.8146652,150.75,76,52.7,70.75
998,33.22840927,-82.79520808,150.5,77,52.8,70.5
999,32.81437643,-84.11227882,150.25,78,52.9,70.25
1000,36.52821277,-89.98772629,150.25,78,52.9,70.25
