[{
    "TrailerStatuVal": 0,
    "trailerStatus": "Available",
    "TrailerID": 44561,
    "TrailerName": "TR9",
    "TrailerType": "AUTO Hauler",
    "DOTDate": "05/21/2017 07:48:04",
    "Latitude": 43.531702,
    "Longitude": -99.960714,
    "Compliance": "Pass",
    "IOTInfo": "Active",
    "from": "Tripp County",
    "to": "",
    "RoadWorthiness": "Pass",
    "PriorEvent": "HPL",
    "NextEvent": "DRL",
    "LastGPSLocation": "Tripp County, South Dakota, USA",
    "GPS Date": "05/22/2017 07:54:05"
  },
  {
    "TrailerStatuVal": 0,
    "trailerStatus": "Available",
    "TrailerID": "R3393",
    "TrailerName": "TR102",
    "TrailerType": "Refrigerated Dry Freight Trailer",
    "DOTDate": "05/16/2017 10:52:00",
    "Latitude": 35.190732,
    "Longitude": -86.513449,
    "Compliance": "Pass",
    "IOTInfo": "Active",
    "from": "Tennessee",
    "to": "",
    "RoadWorthiness": "Pass",
    "PriorEvent": "DRL",
    "NextEvent": "UNK",
    "LastGPSLocation": "Tennessee, United States",
    "GPS Date": "05/22/2017 09:24:06"
  },
  {
    "TrailerStatuVal": 0,
    "trailerStatus": "Available",
    "TrailerID": "R3275",
    "TrailerName": "TR98",
    "TrailerType": "Low-Body Trailer",
    "DOTDate": "05/18/2017 09:32:01",
    "Latitude": 32.638309,
    "Longitude": -82.031027,
    "Compliance": "Pass",
    "IOTInfo": "Active",
    "from": "Georgia",
    "to": "",
    "RoadWorthiness": "Pass",
    "PriorEvent": "LLD",
    "NextEvent": "LUL",
    "LastGPSLocation": "Georgia, United States",
    "GPS Date": "05/22/2017 08:34:07"
  },
  {
    "TrailerStatuVal": 0,
    "trailerStatus": "Available",
    "TrailerID": 45652,
    "TrailerName": "TR34",
    "TrailerType": "Dry Freight Trailer",
    "DOTDate": "05/18/2017 06:27:02",
    "Latitude": 34.54172,
    "Longitude": -78.25173,
    "Compliance": "Pass",
    "IOTInfo": "Active",
    "from": "North Carolina",
    "to": "",
    "RoadWorthiness": "Pass",
    "PriorEvent": "LLD",
    "NextEvent": "LUL",
    "LastGPSLocation": "North Carolina, United States",
    "GPS Date": "05/22/2017 05:54:08"
  },
  {
    "TrailerStatuVal": 0,
    "trailerStatus": "Available",
    "TrailerID": 44489,
    "TrailerName": "TR23",
    "TrailerType": "Cargo",
    "DOTDate": "05/20/2017 12:56:03",
    "Latitude": 46.814232,
    "Longitude": -106.728292,
    "Compliance": "Pass",
    "IOTInfo": "Active",
    "from": "Rosebud County",
    "to": "",
    "RoadWorthiness": "Pass",
    "PriorEvent": "EMT",
    "NextEvent": "UNK",
    "LastGPSLocation": "Rosebud County, Montana, USA",
    "GPS Date": "05/22/2017 05:04:09"
  },
  {
    "TrailerStatuVal": 0,
    "trailerStatus": "Available",
    "TrailerID": 45224,
    "TrailerName": "TR43",
    "TrailerType": "5th Wheel RV",
    "DOTDate": "05/21/2017 07:48:04",
    "Latitude": 42.955496,
    "Longitude": -119.736103,
    "Compliance": "Pass",
    "IOTInfo": "Active",
    "from": "Harney County",
    "to": "",
    "RoadWorthiness": "Pass",
    "PriorEvent": "EBT",
    "NextEvent": "UNK",
    "LastGPSLocation": "Harney County, Oregon, USA",
    "GPS Date": "05/22/2017 011:50:10"
  },
  {
    "TrailerStatuVal": 0,
    "trailerStatus": "Available",
    "TrailerID": 43907,
    "TrailerName": "TR55",
    "TrailerType": "Tilt Trailer",
    "DOTDate": "05/21/2017 02:18:05",
    "Latitude": 37.630632,
    "Longitude": -120.834736,
    "Compliance": "Pass",
    "IOTInfo": "Active",
    "from": "Stanislaus County",
    "to": "",
    "RoadWorthiness": "Pass",
    "PriorEvent": "LUL",
    "NextEvent": "UNK",
    "LastGPSLocation": "Stanislaus County, California, USA",
    "GPS Date": "05/22/2017 03:34:11"
  },
  {
    "TrailerStatuVal": 0,
    "trailerStatus": "Available",
    "TrailerID": 45688,
    "TrailerName": "TR56",
    "TrailerType": "Gooseneck Trailer",
    "DOTDate": "05/15/2017 10:52:00",
    "Latitude": 42.243848,
    "Longitude": -103.432393,
    "Compliance": "Pass",
    "IOTInfo": "Active",
    "from": "Dorsey",
    "to": "",
    "RoadWorthiness": "Pass",
    "PriorEvent": "HPL",
    "NextEvent": "DRL",
    "LastGPSLocation": "Dorsey, Nebraska, USA",
    "GPS Date": "05/22/2017 01:54:12"
  }]