[{"isChecked":true,"status":"Available","order":"2343443","orderDateTime":"05-20-2017 08:30","orginName":"Chattanooga superstore","billToName":"Walmart","origin":"Atlanta,GA","destination":"BUFORD,GA","service":"SOLO","tracktor":"","trailer":"","ref":"2342345","reftype":"SID","orderremark":"all set","details":"more info"},
  {"isChecked":true,"status":"Available","order":"2343444","orderDateTime":"05-20-2017 09:30","orginName":"West depot","billToName":"Fedex","origin":"Atlanta,GA","destination":"Ontoria OH","service":"SOLO","tracktor":"","trailer":"","ref":"2342345","reftype":"SID","orderremark":"all set","details":"more info"},
 {"isChecked":true,"status":"Available","order":"2343445","orderDateTime":"05-20-2017 10:30","orginName":"Covanent Transport","billToName":"VH Transport","origin":"Atlanta,GA","destination":"Bentonville, AR","service":"SOLO","tracktor":"","trailer":"","ref":"2342345","reftype":"SID","orderremark":"all set","details":"more info"}]