[
  {
    "OrderStatus": "Completed",
    "OrderID": 2709536,
    "OriginName": "Covenant Transport",
    "OriginCity": "Colorado County",
    "DestinationCity": "Oklahoma",
    "BillToName": "MCKEE FOODS",
    "StartDate": "05/21/2017 10:52:00",
    "EndDate": "05/23/2017 9:52:00"
  },
  {
    "OrderStatus": "Completed",
    "OrderID": 2738750,
    "OriginName": "Calhoun",
    "OriginCity": "McKinley County",
    "DestinationCity": "Graham County",
    "BillToName": "WALMART PRODUCT",
    "StartDate": "05/14/2017 09:32:01",
    "EndDate": "05/17/2017 09:32:01"
  },
  {
    "OrderStatus": "Completed",
    "OrderID": 2744211,
    "OriginName": "Covenant Transport",
    "OriginCity": "Maricopa County",
    "DestinationCity": "San Bernardino County",
    "BillToName": "CIRCLE 8 LOGISTICS",
    "StartDate": "04/24/2017 06:27:02",
    "EndDate": "04/28/2017 06:27:02"
  },
  {
    "OrderStatus": "Completed",
    "OrderID": 2743233,
    "OriginName": "Covenant Transport",
    "OriginCity": "Ohio",
    "DestinationCity": "Illinois",
    "BillToName": "VHI TRANSPORTS",
    "StartDate": "04/18/2017 12:56:03",
    "EndDate": "04/21/2017 12:56:03"
  },
  {
    "OrderStatus": "Completed",
    "OrderID": 2751411,
    "OriginName": "Calhoun",
    "OriginCity": "Delaware County",
    "DestinationCity": "West Virginia",
    "BillToName": "VHI TRANSPORTS",
    "StartDate": "04/13/2017 12:56:03",
    "EndDate": "04/16/2017 12:56:03"
  }
]