[
  {
    "TrailerStatuVal": 2,
    "trailerStatus": "Allocated",
    "TrailerID": 45833,
    "TrailerName": "TR5",
    "TrailerType": "Flat Bed",
    "DOTDate": "05/16/2017 10:52:00",
    "Latitude": 29.683389,
    "Longitude": -96.707517,
    "Compliance": "Pass",
    "IOTInfo": "Active",
    "from": "Colorado County",
    "to": "Oklahoma",
    "RoadWorthiness": "Pass",
    "PriorEvent": "EBT",
    "NextEvent": "UNK",
    "LastGPSLocation": "Colorado County, Texas, USA",
    "GPS Date": "05/22/2017 06:54:00"
  },
  {
    "TrailerStatuVal": 2,
    "trailerStatus": "Allocated",
    "TrailerID": 44422,
    "TrailerName": "TR3",
    "TrailerType": "Cargo",
    "DOTDate": "05/18/2017 09:32:01",
    "Latitude": 35.549075,
    "Longitude": -107.431417,
    "Compliance": "Pass",
    "IOTInfo": "Active",
    "from": "McKinley County",
    "to": "Graham County",
    "RoadWorthiness": "Pass",
    "PriorEvent": "EBT",
    "NextEvent": "UNK",
    "LastGPSLocation": "McKinley County, New Mexico, USA",
    "GPS Date": "05/22/2017 08:50:01"
  },
  {
    "TrailerStatuVal": 2,
    "trailerStatus": "Allocated",
    "TrailerID": 43432,
    "TrailerName": "TR4",
    "TrailerType": "5th Wheel RV",
    "DOTDate": "05/18/2017 06:27:02",
    "Latitude": 33.301928,
    "Longitude": -112.616963,
    "Compliance": "Pass",
    "IOTInfo": "Active",
    "from": "Maricopa County",
    "to": "San Bernardino County",
    "RoadWorthiness": "Pass",
    "PriorEvent": "LUL",
    "NextEvent": "UNK",
    "LastGPSLocation": "Maricopa County, Arizona, USA",
    "GPS Date": "05/22/2017 04:04:02"
  },
  {
    "TrailerStatuVal": 2,
    "trailerStatus": "Allocated",
    "TrailerID": 44742,
    "TrailerName": "TR1",
    "TrailerType": "Tilt Trailer",
    "DOTDate": "05/20/2017 12:56:03",
    "Latitude": 40.995528,
    "Longitude": -84.228293,
    "Compliance": "Pass",
    "IOTInfo": "Active",
    "from": "Ohio",
    "to": "Illinois",
    "RoadWorthiness": "Pass",
    "PriorEvent": "LUL",
    "NextEvent": "UNK",
    "LastGPSLocation": "Ohio, United States",
    "GPS Date": "05/22/2017 02:14:03"
  },
  {
    "TrailerStatuVal": 2,
    "trailerStatus": "Allocated",
    "TrailerID": "R3371",
    "TrailerName": "TR7",
    "TrailerType": "Gooseneck Trailer",
    "DOTDate": "05/21/2017 07:48:04",
    "Latitude": 42.308879,
    "Longitude": -74.911887,
    "Compliance": "Pass",
    "IOTInfo": "Active",
    "from": "Delaware County",
    "to": "West Virginia",
    "RoadWorthiness": "Pass",
    "PriorEvent": "LUL",
    "NextEvent": "UNK",
    "LastGPSLocation": "Delaware County, New York, USA",
    "GPS Date": "05/22/2017 12:54:04"
  },
  {
    "TrailerStatuVal": 0,
    "trailerStatus": "Available",
    "TrailerID": 44561,
    "TrailerName": "TR9",
    "TrailerType": "AUTO Hauler",
    "DOTDate": "05/21/2017 07:48:04",
    "Latitude": 43.531702,
    "Longitude": -99.960714,
    "Compliance": "Pass",
    "IOTInfo": "Active",
    "from": "Tripp County",
    "to": "",
    "RoadWorthiness": "Pass",
    "PriorEvent": "HPL",
    "NextEvent": "DRL",
    "LastGPSLocation": "Tripp County, South Dakota, USA",
    "GPS Date": "05/22/2017 07:54:05"
  },
  {
    "TrailerStatuVal": 0,
    "trailerStatus": "Available",
    "TrailerID": "R3393",
    "TrailerName": "TR102",
    "TrailerType": "Refrigerated Dry Freight Trailer",
    "DOTDate": "05/16/2017 10:52:00",
    "Latitude": 35.190732,
    "Longitude": -86.513449,
    "Compliance": "Pass",
    "IOTInfo": "Active",
    "from": "Tennessee",
    "to": "",
    "RoadWorthiness": "Pass",
    "PriorEvent": "DRL",
    "NextEvent": "UNK",
    "LastGPSLocation": "Tennessee, United States",
    "GPS Date": "05/22/2017 09:24:06"
  },
  {
    "TrailerStatuVal": 0,
    "trailerStatus": "Available",
    "TrailerID": "R3275",
    "TrailerName": "TR98",
    "TrailerType": "Low-Body Trailer",
    "DOTDate": "05/18/2017 09:32:01",
    "Latitude": 32.638309,
    "Longitude": -82.031027,
    "Compliance": "Fail",
    "IOTInfo": "Active",
    "from": "Georgia",
    "to": "",
    "RoadWorthiness": "Fail",
    "PriorEvent": "LLD",
    "NextEvent": "LUL",
    "LastGPSLocation": "Georgia, United States",
    "GPS Date": "05/22/2017 08:34:07"
  },
  {
    "TrailerStatuVal": 0,
    "trailerStatus": "Available",
    "TrailerID": 45652,
    "TrailerName": "TR34",
    "TrailerType": "Dry Freight Trailer",
    "DOTDate": "05/18/2017 06:27:02",
    "Latitude": 34.54172,
    "Longitude": -78.25173,
    "Compliance": "Pass",
    "IOTInfo": "Active",
    "from": "North Carolina",
    "to": "",
    "RoadWorthiness": "Pass",
    "PriorEvent": "LLD",
    "NextEvent": "LUL",
    "LastGPSLocation": "North Carolina, United States",
    "GPS Date": "05/22/2017 05:54:08"
  },
  {
    "TrailerStatuVal": 0,
    "trailerStatus": "Available",
    "TrailerID": 44489,
    "TrailerName": "TR23",
    "TrailerType": "Cargo",
    "DOTDate": "05/20/2017 12:56:03",
    "Latitude": 46.814232,
    "Longitude": -106.728292,
    "Compliance": "Pass",
    "IOTInfo": "Active",
    "from": "Rosebud County",
    "to": "",
    "RoadWorthiness": "Pass",
    "PriorEvent": "EMT",
    "NextEvent": "UNK",
    "LastGPSLocation": "Rosebud County, Montana, USA",
    "GPS Date": "05/22/2017 05:04:09"
  },
  {
    "TrailerStatuVal": 0,
    "trailerStatus": "Available",
    "TrailerID": 45224,
    "TrailerName": "TR43",
    "TrailerType": "5th Wheel RV",
    "DOTDate": "05/21/2017 07:48:04",
    "Latitude": 42.955496,
    "Longitude": -119.736103,
    "Compliance": "Fail",
    "IOTInfo": "Active",
    "from": "Harney County",
    "to": "",
    "RoadWorthiness": "Fail",
    "PriorEvent": "EBT",
    "NextEvent": "UNK",
    "LastGPSLocation": "Harney County, Oregon, USA",
    "GPS Date": "05/22/2017 011:50:10"
  },
  {
    "TrailerStatuVal": 0,
    "trailerStatus": "Available",
    "TrailerID": 43907,
    "TrailerName": "TR55",
    "TrailerType": "Tilt Trailer",
    "DOTDate": "05/21/2017 02:18:05",
    "Latitude": 37.630632,
    "Longitude": -120.834736,
    "Compliance": "Pass",
    "IOTInfo": "Active",
    "from": "Stanislaus County",
    "to": "",
    "RoadWorthiness": "Pass",
    "PriorEvent": "LUL",
    "NextEvent": "UNK",
    "LastGPSLocation": "Stanislaus County, California, USA",
    "GPS Date": "05/22/2017 03:34:11"
  },
  {
    "TrailerStatuVal": 0,
    "trailerStatus": "Available",
    "TrailerID": 45688,
    "TrailerName": "TR56",
    "TrailerType": "Gooseneck Trailer",
    "DOTDate": "05/15/2017 10:52:00",
    "Latitude": 42.243848,
    "Longitude": -103.432393,
    "Compliance": "Pass",
    "IOTInfo": "Active",
    "from": "Dorsey",
    "to": "",
    "RoadWorthiness": "Pass",
    "PriorEvent": "HPL",
    "NextEvent": "DRL",
    "LastGPSLocation": "Dorsey, Nebraska, USA",
    "GPS Date": "05/22/2017 01:54:12"
  },
  {
    "TrailerStatuVal": 1,
    "trailerStatus": "Planned",
    "TrailerID": 45381,
    "TrailerName": "TR76",
    "TrailerType": "AUTO Hauler",
    "DOTDate": "05/14/2017 09:32:01",
    "Latitude": 38.288943,
    "Longitude": -84.228291,
    "Compliance": "Pass",
    "IOTInfo": "Active",
    "from": "Kentucky",
    "to": "Iowa",
    "RoadWorthiness": "Pass",
    "PriorEvent": "DRL",
    "NextEvent": "UNK",
    "LastGPSLocation": "Kentucky, United States",
    "GPS Date": "05/22/2017 08:24:13"
  },
  {
    "TrailerStatuVal": 1,
    "trailerStatus": "Planned",
    "TrailerID": 43719,
    "TrailerName": "TR82",
    "TrailerType": "Flat Bed",
    "DOTDate": "05/18/2017 06:27:02",
    "Latitude": 35.405929,
    "Longitude": -102.157978,
    "Compliance": "Pass",
    "IOTInfo": "Active",
    "from": "Texas",
    "to": "Woods County",
    "RoadWorthiness": "Pass",
    "PriorEvent": "LLD",
    "NextEvent": "LUL",
    "LastGPSLocation": "Texas, United States",
    "GPS Date": "05/22/2017 010:25:14"
  }
]